Brats20ID,path,fold
BraTS20_Training_001,./BraTS2020/BraTS2020_TrainingData/MICCAI_BraTS2020_TrainingData/BraTS20_Training_001,0.0
BraTS20_Training_002,./BraTS2020/BraTS2020_TrainingData/MICCAI_BraTS2020_TrainingData/BraTS20_Training_002,5.0
BraTS20_Training_003,./BraTS2020/BraTS2020_TrainingData/MICCAI_BraTS2020_TrainingData/BraTS20_Training_003,3.0
BraTS20_Training_004,./BraTS2020/BraTS2020_TrainingData/MICCAI_BraTS2020_TrainingData/BraTS20_Training_004,1.0
BraTS20_Training_005,./BraTS2020/BraTS2020_TrainingData/MICCAI_BraTS2020_TrainingData/BraTS20_Training_005,4.0
BraTS20_Training_006,./BraTS2020/BraTS2020_TrainingData/MICCAI_BraTS2020_TrainingData/BraTS20_Training_006,0.0
BraTS20_Training_007,./BraTS2020/BraTS2020_TrainingData/MICCAI_BraTS2020_TrainingData/BraTS20_Training_007,2.0
BraTS20_Training_008,./BraTS2020/BraTS2020_TrainingData/MICCAI_BraTS2020_TrainingData/BraTS20_Training_008,1.0
BraTS20_Training_009,./BraTS2020/BraTS2020_TrainingData/MICCAI_BraTS2020_TrainingData/BraTS20_Training_009,5.0
BraTS20_Training_010,./BraTS2020/BraTS2020_TrainingData/MICCAI_BraTS2020_TrainingData/BraTS20_Training_010,0.0
BraTS20_Training_011,./BraTS2020/BraTS2020_TrainingData/MICCAI_BraTS2020_TrainingData/BraTS20_Training_011,2.0
BraTS20_Training_012,./BraTS2020/BraTS2020_TrainingData/MICCAI_BraTS2020_TrainingData/BraTS20_Training_012,3.0
BraTS20_Training_013,./BraTS2020/BraTS2020_TrainingData/MICCAI_BraTS2020_TrainingData/BraTS20_Training_013,4.0
BraTS20_Training_014,./BraTS2020/BraTS2020_TrainingData/MICCAI_BraTS2020_TrainingData/BraTS20_Training_014,6.0
BraTS20_Training_015,./BraTS2020/BraTS2020_TrainingData/MICCAI_BraTS2020_TrainingData/BraTS20_Training_015,5.0
BraTS20_Training_016,./BraTS2020/BraTS2020_TrainingData/MICCAI_BraTS2020_TrainingData/BraTS20_Training_016,0.0
BraTS20_Training_017,./BraTS2020/BraTS2020_TrainingData/MICCAI_BraTS2020_TrainingData/BraTS20_Training_017,1.0
BraTS20_Training_018,./BraTS2020/BraTS2020_TrainingData/MICCAI_BraTS2020_TrainingData/BraTS20_Training_018,1.0
BraTS20_Training_019,./BraTS2020/BraTS2020_TrainingData/MICCAI_BraTS2020_TrainingData/BraTS20_Training_019,2.0
BraTS20_Training_020,./BraTS2020/BraTS2020_TrainingData/MICCAI_BraTS2020_TrainingData/BraTS20_Training_020,2.0
BraTS20_Training_021,./BraTS2020/BraTS2020_TrainingData/MICCAI_BraTS2020_TrainingData/BraTS20_Training_021,6.0
BraTS20_Training_022,./BraTS2020/BraTS2020_TrainingData/MICCAI_BraTS2020_TrainingData/BraTS20_Training_022,6.0
BraTS20_Training_023,./BraTS2020/BraTS2020_TrainingData/MICCAI_BraTS2020_TrainingData/BraTS20_Training_023,0.0
BraTS20_Training_024,./BraTS2020/BraTS2020_TrainingData/MICCAI_BraTS2020_TrainingData/BraTS20_Training_024,3.0
BraTS20_Training_025,./BraTS2020/BraTS2020_TrainingData/MICCAI_BraTS2020_TrainingData/BraTS20_Training_025,1.0
BraTS20_Training_026,./BraTS2020/BraTS2020_TrainingData/MICCAI_BraTS2020_TrainingData/BraTS20_Training_026,0.0
BraTS20_Training_027,./BraTS2020/BraTS2020_TrainingData/MICCAI_BraTS2020_TrainingData/BraTS20_Training_027,3.0
BraTS20_Training_028,./BraTS2020/BraTS2020_TrainingData/MICCAI_BraTS2020_TrainingData/BraTS20_Training_028,5.0
BraTS20_Training_029,./BraTS2020/BraTS2020_TrainingData/MICCAI_BraTS2020_TrainingData/BraTS20_Training_029,4.0
BraTS20_Training_030,./BraTS2020/BraTS2020_TrainingData/MICCAI_BraTS2020_TrainingData/BraTS20_Training_030,4.0
BraTS20_Training_031,./BraTS2020/BraTS2020_TrainingData/MICCAI_BraTS2020_TrainingData/BraTS20_Training_031,0.0
BraTS20_Training_032,./BraTS2020/BraTS2020_TrainingData/MICCAI_BraTS2020_TrainingData/BraTS20_Training_032,2.0
BraTS20_Training_033,./BraTS2020/BraTS2020_TrainingData/MICCAI_BraTS2020_TrainingData/BraTS20_Training_033,5.0
BraTS20_Training_034,./BraTS2020/BraTS2020_TrainingData/MICCAI_BraTS2020_TrainingData/BraTS20_Training_034,0.0
BraTS20_Training_035,./BraTS2020/BraTS2020_TrainingData/MICCAI_BraTS2020_TrainingData/BraTS20_Training_035,5.0
BraTS20_Training_036,./BraTS2020/BraTS2020_TrainingData/MICCAI_BraTS2020_TrainingData/BraTS20_Training_036,4.0
BraTS20_Training_037,./BraTS2020/BraTS2020_TrainingData/MICCAI_BraTS2020_TrainingData/BraTS20_Training_037,2.0
BraTS20_Training_038,./BraTS2020/BraTS2020_TrainingData/MICCAI_BraTS2020_TrainingData/BraTS20_Training_038,3.0
BraTS20_Training_039,./BraTS2020/BraTS2020_TrainingData/MICCAI_BraTS2020_TrainingData/BraTS20_Training_039,3.0
BraTS20_Training_040,./BraTS2020/BraTS2020_TrainingData/MICCAI_BraTS2020_TrainingData/BraTS20_Training_040,0.0
BraTS20_Training_041,./BraTS2020/BraTS2020_TrainingData/MICCAI_BraTS2020_TrainingData/BraTS20_Training_041,5.0
BraTS20_Training_042,./BraTS2020/BraTS2020_TrainingData/MICCAI_BraTS2020_TrainingData/BraTS20_Training_042,4.0
BraTS20_Training_043,./BraTS2020/BraTS2020_TrainingData/MICCAI_BraTS2020_TrainingData/BraTS20_Training_043,0.0
BraTS20_Training_044,./BraTS2020/BraTS2020_TrainingData/MICCAI_BraTS2020_TrainingData/BraTS20_Training_044,5.0
BraTS20_Training_045,./BraTS2020/BraTS2020_TrainingData/MICCAI_BraTS2020_TrainingData/BraTS20_Training_045,4.0
BraTS20_Training_046,./BraTS2020/BraTS2020_TrainingData/MICCAI_BraTS2020_TrainingData/BraTS20_Training_046,0.0
BraTS20_Training_047,./BraTS2020/BraTS2020_TrainingData/MICCAI_BraTS2020_TrainingData/BraTS20_Training_047,1.0
BraTS20_Training_048,./BraTS2020/BraTS2020_TrainingData/MICCAI_BraTS2020_TrainingData/BraTS20_Training_048,5.0
BraTS20_Training_049,./BraTS2020/BraTS2020_TrainingData/MICCAI_BraTS2020_TrainingData/BraTS20_Training_049,6.0
BraTS20_Training_050,./BraTS2020/BraTS2020_TrainingData/MICCAI_BraTS2020_TrainingData/BraTS20_Training_050,5.0
BraTS20_Training_051,./BraTS2020/BraTS2020_TrainingData/MICCAI_BraTS2020_TrainingData/BraTS20_Training_051,6.0
BraTS20_Training_052,./BraTS2020/BraTS2020_TrainingData/MICCAI_BraTS2020_TrainingData/BraTS20_Training_052,4.0
BraTS20_Training_053,./BraTS2020/BraTS2020_TrainingData/MICCAI_BraTS2020_TrainingData/BraTS20_Training_053,6.0
BraTS20_Training_054,./BraTS2020/BraTS2020_TrainingData/MICCAI_BraTS2020_TrainingData/BraTS20_Training_054,5.0
BraTS20_Training_055,./BraTS2020/BraTS2020_TrainingData/MICCAI_BraTS2020_TrainingData/BraTS20_Training_055,6.0
BraTS20_Training_056,./BraTS2020/BraTS2020_TrainingData/MICCAI_BraTS2020_TrainingData/BraTS20_Training_056,0.0
BraTS20_Training_057,./BraTS2020/BraTS2020_TrainingData/MICCAI_BraTS2020_TrainingData/BraTS20_Training_057,0.0
BraTS20_Training_058,./BraTS2020/BraTS2020_TrainingData/MICCAI_BraTS2020_TrainingData/BraTS20_Training_058,0.0
BraTS20_Training_059,./BraTS2020/BraTS2020_TrainingData/MICCAI_BraTS2020_TrainingData/BraTS20_Training_059,6.0
BraTS20_Training_060,./BraTS2020/BraTS2020_TrainingData/MICCAI_BraTS2020_TrainingData/BraTS20_Training_060,2.0
BraTS20_Training_061,./BraTS2020/BraTS2020_TrainingData/MICCAI_BraTS2020_TrainingData/BraTS20_Training_061,1.0
BraTS20_Training_062,./BraTS2020/BraTS2020_TrainingData/MICCAI_BraTS2020_TrainingData/BraTS20_Training_062,5.0
BraTS20_Training_063,./BraTS2020/BraTS2020_TrainingData/MICCAI_BraTS2020_TrainingData/BraTS20_Training_063,5.0
BraTS20_Training_064,./BraTS2020/BraTS2020_TrainingData/MICCAI_BraTS2020_TrainingData/BraTS20_Training_064,0.0
BraTS20_Training_065,./BraTS2020/BraTS2020_TrainingData/MICCAI_BraTS2020_TrainingData/BraTS20_Training_065,5.0
BraTS20_Training_066,./BraTS2020/BraTS2020_TrainingData/MICCAI_BraTS2020_TrainingData/BraTS20_Training_066,4.0
BraTS20_Training_067,./BraTS2020/BraTS2020_TrainingData/MICCAI_BraTS2020_TrainingData/BraTS20_Training_067,1.0
BraTS20_Training_068,./BraTS2020/BraTS2020_TrainingData/MICCAI_BraTS2020_TrainingData/BraTS20_Training_068,3.0
BraTS20_Training_069,./BraTS2020/BraTS2020_TrainingData/MICCAI_BraTS2020_TrainingData/BraTS20_Training_069,2.0
BraTS20_Training_070,./BraTS2020/BraTS2020_TrainingData/MICCAI_BraTS2020_TrainingData/BraTS20_Training_070,2.0
BraTS20_Training_071,./BraTS2020/BraTS2020_TrainingData/MICCAI_BraTS2020_TrainingData/BraTS20_Training_071,4.0
BraTS20_Training_072,./BraTS2020/BraTS2020_TrainingData/MICCAI_BraTS2020_TrainingData/BraTS20_Training_072,6.0
BraTS20_Training_073,./BraTS2020/BraTS2020_TrainingData/MICCAI_BraTS2020_TrainingData/BraTS20_Training_073,0.0
BraTS20_Training_074,./BraTS2020/BraTS2020_TrainingData/MICCAI_BraTS2020_TrainingData/BraTS20_Training_074,1.0
BraTS20_Training_075,./BraTS2020/BraTS2020_TrainingData/MICCAI_BraTS2020_TrainingData/BraTS20_Training_075,4.0
BraTS20_Training_076,./BraTS2020/BraTS2020_TrainingData/MICCAI_BraTS2020_TrainingData/BraTS20_Training_076,1.0
BraTS20_Training_077,./BraTS2020/BraTS2020_TrainingData/MICCAI_BraTS2020_TrainingData/BraTS20_Training_077,0.0
BraTS20_Training_078,./BraTS2020/BraTS2020_TrainingData/MICCAI_BraTS2020_TrainingData/BraTS20_Training_078,1.0
BraTS20_Training_079,./BraTS2020/BraTS2020_TrainingData/MICCAI_BraTS2020_TrainingData/BraTS20_Training_079,1.0
BraTS20_Training_080,./BraTS2020/BraTS2020_TrainingData/MICCAI_BraTS2020_TrainingData/BraTS20_Training_080,2.0
BraTS20_Training_081,./BraTS2020/BraTS2020_TrainingData/MICCAI_BraTS2020_TrainingData/BraTS20_Training_081,5.0
BraTS20_Training_082,./BraTS2020/BraTS2020_TrainingData/MICCAI_BraTS2020_TrainingData/BraTS20_Training_082,2.0
BraTS20_Training_083,./BraTS2020/BraTS2020_TrainingData/MICCAI_BraTS2020_TrainingData/BraTS20_Training_083,1.0
BraTS20_Training_084,./BraTS2020/BraTS2020_TrainingData/MICCAI_BraTS2020_TrainingData/BraTS20_Training_084,4.0
BraTS20_Training_085,./BraTS2020/BraTS2020_TrainingData/MICCAI_BraTS2020_TrainingData/BraTS20_Training_085,1.0
BraTS20_Training_086,./BraTS2020/BraTS2020_TrainingData/MICCAI_BraTS2020_TrainingData/BraTS20_Training_086,4.0
BraTS20_Training_087,./BraTS2020/BraTS2020_TrainingData/MICCAI_BraTS2020_TrainingData/BraTS20_Training_087,3.0
BraTS20_Training_088,./BraTS2020/BraTS2020_TrainingData/MICCAI_BraTS2020_TrainingData/BraTS20_Training_088,6.0
BraTS20_Training_089,./BraTS2020/BraTS2020_TrainingData/MICCAI_BraTS2020_TrainingData/BraTS20_Training_089,6.0
BraTS20_Training_090,./BraTS2020/BraTS2020_TrainingData/MICCAI_BraTS2020_TrainingData/BraTS20_Training_090,4.0
BraTS20_Training_091,./BraTS2020/BraTS2020_TrainingData/MICCAI_BraTS2020_TrainingData/BraTS20_Training_091,0.0
BraTS20_Training_092,./BraTS2020/BraTS2020_TrainingData/MICCAI_BraTS2020_TrainingData/BraTS20_Training_092,6.0
BraTS20_Training_093,./BraTS2020/BraTS2020_TrainingData/MICCAI_BraTS2020_TrainingData/BraTS20_Training_093,2.0
BraTS20_Training_094,./BraTS2020/BraTS2020_TrainingData/MICCAI_BraTS2020_TrainingData/BraTS20_Training_094,1.0
BraTS20_Training_095,./BraTS2020/BraTS2020_TrainingData/MICCAI_BraTS2020_TrainingData/BraTS20_Training_095,1.0
BraTS20_Training_096,./BraTS2020/BraTS2020_TrainingData/MICCAI_BraTS2020_TrainingData/BraTS20_Training_096,4.0
BraTS20_Training_097,./BraTS2020/BraTS2020_TrainingData/MICCAI_BraTS2020_TrainingData/BraTS20_Training_097,2.0
BraTS20_Training_098,./BraTS2020/BraTS2020_TrainingData/MICCAI_BraTS2020_TrainingData/BraTS20_Training_098,2.0
BraTS20_Training_099,./BraTS2020/BraTS2020_TrainingData/MICCAI_BraTS2020_TrainingData/BraTS20_Training_099,5.0
BraTS20_Training_100,./BraTS2020/BraTS2020_TrainingData/MICCAI_BraTS2020_TrainingData/BraTS20_Training_100,6.0
BraTS20_Training_101,./BraTS2020/BraTS2020_TrainingData/MICCAI_BraTS2020_TrainingData/BraTS20_Training_101,4.0
BraTS20_Training_102,./BraTS2020/BraTS2020_TrainingData/MICCAI_BraTS2020_TrainingData/BraTS20_Training_102,0.0
BraTS20_Training_103,./BraTS2020/BraTS2020_TrainingData/MICCAI_BraTS2020_TrainingData/BraTS20_Training_103,6.0
BraTS20_Training_104,./BraTS2020/BraTS2020_TrainingData/MICCAI_BraTS2020_TrainingData/BraTS20_Training_104,2.0
BraTS20_Training_105,./BraTS2020/BraTS2020_TrainingData/MICCAI_BraTS2020_TrainingData/BraTS20_Training_105,2.0
BraTS20_Training_106,./BraTS2020/BraTS2020_TrainingData/MICCAI_BraTS2020_TrainingData/BraTS20_Training_106,5.0
BraTS20_Training_107,./BraTS2020/BraTS2020_TrainingData/MICCAI_BraTS2020_TrainingData/BraTS20_Training_107,6.0
BraTS20_Training_108,./BraTS2020/BraTS2020_TrainingData/MICCAI_BraTS2020_TrainingData/BraTS20_Training_108,4.0
BraTS20_Training_109,./BraTS2020/BraTS2020_TrainingData/MICCAI_BraTS2020_TrainingData/BraTS20_Training_109,0.0
BraTS20_Training_110,./BraTS2020/BraTS2020_TrainingData/MICCAI_BraTS2020_TrainingData/BraTS20_Training_110,0.0
BraTS20_Training_111,./BraTS2020/BraTS2020_TrainingData/MICCAI_BraTS2020_TrainingData/BraTS20_Training_111,1.0
BraTS20_Training_112,./BraTS2020/BraTS2020_TrainingData/MICCAI_BraTS2020_TrainingData/BraTS20_Training_112,2.0
BraTS20_Training_113,./BraTS2020/BraTS2020_TrainingData/MICCAI_BraTS2020_TrainingData/BraTS20_Training_113,3.0
BraTS20_Training_114,./BraTS2020/BraTS2020_TrainingData/MICCAI_BraTS2020_TrainingData/BraTS20_Training_114,1.0
BraTS20_Training_115,./BraTS2020/BraTS2020_TrainingData/MICCAI_BraTS2020_TrainingData/BraTS20_Training_115,0.0
BraTS20_Training_116,./BraTS2020/BraTS2020_TrainingData/MICCAI_BraTS2020_TrainingData/BraTS20_Training_116,3.0
BraTS20_Training_117,./BraTS2020/BraTS2020_TrainingData/MICCAI_BraTS2020_TrainingData/BraTS20_Training_117,1.0
BraTS20_Training_118,./BraTS2020/BraTS2020_TrainingData/MICCAI_BraTS2020_TrainingData/BraTS20_Training_118,3.0
BraTS20_Training_119,./BraTS2020/BraTS2020_TrainingData/MICCAI_BraTS2020_TrainingData/BraTS20_Training_119,2.0
BraTS20_Training_120,./BraTS2020/BraTS2020_TrainingData/MICCAI_BraTS2020_TrainingData/BraTS20_Training_120,0.0
BraTS20_Training_121,./BraTS2020/BraTS2020_TrainingData/MICCAI_BraTS2020_TrainingData/BraTS20_Training_121,3.0
BraTS20_Training_122,./BraTS2020/BraTS2020_TrainingData/MICCAI_BraTS2020_TrainingData/BraTS20_Training_122,6.0
BraTS20_Training_123,./BraTS2020/BraTS2020_TrainingData/MICCAI_BraTS2020_TrainingData/BraTS20_Training_123,3.0
BraTS20_Training_124,./BraTS2020/BraTS2020_TrainingData/MICCAI_BraTS2020_TrainingData/BraTS20_Training_124,4.0
BraTS20_Training_125,./BraTS2020/BraTS2020_TrainingData/MICCAI_BraTS2020_TrainingData/BraTS20_Training_125,0.0
BraTS20_Training_126,./BraTS2020/BraTS2020_TrainingData/MICCAI_BraTS2020_TrainingData/BraTS20_Training_126,3.0
BraTS20_Training_127,./BraTS2020/BraTS2020_TrainingData/MICCAI_BraTS2020_TrainingData/BraTS20_Training_127,0.0
BraTS20_Training_128,./BraTS2020/BraTS2020_TrainingData/MICCAI_BraTS2020_TrainingData/BraTS20_Training_128,4.0
BraTS20_Training_129,./BraTS2020/BraTS2020_TrainingData/MICCAI_BraTS2020_TrainingData/BraTS20_Training_129,5.0
BraTS20_Training_130,./BraTS2020/BraTS2020_TrainingData/MICCAI_BraTS2020_TrainingData/BraTS20_Training_130,3.0
BraTS20_Training_131,./BraTS2020/BraTS2020_TrainingData/MICCAI_BraTS2020_TrainingData/BraTS20_Training_131,6.0
BraTS20_Training_132,./BraTS2020/BraTS2020_TrainingData/MICCAI_BraTS2020_TrainingData/BraTS20_Training_132,4.0
BraTS20_Training_133,./BraTS2020/BraTS2020_TrainingData/MICCAI_BraTS2020_TrainingData/BraTS20_Training_133,1.0
BraTS20_Training_134,./BraTS2020/BraTS2020_TrainingData/MICCAI_BraTS2020_TrainingData/BraTS20_Training_134,4.0
BraTS20_Training_135,./BraTS2020/BraTS2020_TrainingData/MICCAI_BraTS2020_TrainingData/BraTS20_Training_135,6.0
BraTS20_Training_136,./BraTS2020/BraTS2020_TrainingData/MICCAI_BraTS2020_TrainingData/BraTS20_Training_136,5.0
BraTS20_Training_137,./BraTS2020/BraTS2020_TrainingData/MICCAI_BraTS2020_TrainingData/BraTS20_Training_137,3.0
BraTS20_Training_138,./BraTS2020/BraTS2020_TrainingData/MICCAI_BraTS2020_TrainingData/BraTS20_Training_138,0.0
BraTS20_Training_139,./BraTS2020/BraTS2020_TrainingData/MICCAI_BraTS2020_TrainingData/BraTS20_Training_139,5.0
BraTS20_Training_140,./BraTS2020/BraTS2020_TrainingData/MICCAI_BraTS2020_TrainingData/BraTS20_Training_140,2.0
BraTS20_Training_141,./BraTS2020/BraTS2020_TrainingData/MICCAI_BraTS2020_TrainingData/BraTS20_Training_141,1.0
BraTS20_Training_142,./BraTS2020/BraTS2020_TrainingData/MICCAI_BraTS2020_TrainingData/BraTS20_Training_142,1.0
BraTS20_Training_143,./BraTS2020/BraTS2020_TrainingData/MICCAI_BraTS2020_TrainingData/BraTS20_Training_143,4.0
BraTS20_Training_144,./BraTS2020/BraTS2020_TrainingData/MICCAI_BraTS2020_TrainingData/BraTS20_Training_144,2.0
BraTS20_Training_145,./BraTS2020/BraTS2020_TrainingData/MICCAI_BraTS2020_TrainingData/BraTS20_Training_145,3.0
BraTS20_Training_146,./BraTS2020/BraTS2020_TrainingData/MICCAI_BraTS2020_TrainingData/BraTS20_Training_146,0.0
BraTS20_Training_147,./BraTS2020/BraTS2020_TrainingData/MICCAI_BraTS2020_TrainingData/BraTS20_Training_147,3.0
BraTS20_Training_148,./BraTS2020/BraTS2020_TrainingData/MICCAI_BraTS2020_TrainingData/BraTS20_Training_148,2.0
BraTS20_Training_149,./BraTS2020/BraTS2020_TrainingData/MICCAI_BraTS2020_TrainingData/BraTS20_Training_149,2.0
BraTS20_Training_150,./BraTS2020/BraTS2020_TrainingData/MICCAI_BraTS2020_TrainingData/BraTS20_Training_150,6.0
BraTS20_Training_151,./BraTS2020/BraTS2020_TrainingData/MICCAI_BraTS2020_TrainingData/BraTS20_Training_151,4.0
BraTS20_Training_152,./BraTS2020/BraTS2020_TrainingData/MICCAI_BraTS2020_TrainingData/BraTS20_Training_152,6.0
BraTS20_Training_153,./BraTS2020/BraTS2020_TrainingData/MICCAI_BraTS2020_TrainingData/BraTS20_Training_153,0.0
BraTS20_Training_154,./BraTS2020/BraTS2020_TrainingData/MICCAI_BraTS2020_TrainingData/BraTS20_Training_154,0.0
BraTS20_Training_155,./BraTS2020/BraTS2020_TrainingData/MICCAI_BraTS2020_TrainingData/BraTS20_Training_155,3.0
BraTS20_Training_156,./BraTS2020/BraTS2020_TrainingData/MICCAI_BraTS2020_TrainingData/BraTS20_Training_156,0.0
BraTS20_Training_157,./BraTS2020/BraTS2020_TrainingData/MICCAI_BraTS2020_TrainingData/BraTS20_Training_157,5.0
BraTS20_Training_158,./BraTS2020/BraTS2020_TrainingData/MICCAI_BraTS2020_TrainingData/BraTS20_Training_158,1.0
BraTS20_Training_159,./BraTS2020/BraTS2020_TrainingData/MICCAI_BraTS2020_TrainingData/BraTS20_Training_159,2.0
BraTS20_Training_160,./BraTS2020/BraTS2020_TrainingData/MICCAI_BraTS2020_TrainingData/BraTS20_Training_160,4.0
BraTS20_Training_161,./BraTS2020/BraTS2020_TrainingData/MICCAI_BraTS2020_TrainingData/BraTS20_Training_161,6.0
BraTS20_Training_162,./BraTS2020/BraTS2020_TrainingData/MICCAI_BraTS2020_TrainingData/BraTS20_Training_162,5.0
BraTS20_Training_163,./BraTS2020/BraTS2020_TrainingData/MICCAI_BraTS2020_TrainingData/BraTS20_Training_163,5.0
BraTS20_Training_164,./BraTS2020/BraTS2020_TrainingData/MICCAI_BraTS2020_TrainingData/BraTS20_Training_164,1.0
BraTS20_Training_165,./BraTS2020/BraTS2020_TrainingData/MICCAI_BraTS2020_TrainingData/BraTS20_Training_165,3.0
BraTS20_Training_166,./BraTS2020/BraTS2020_TrainingData/MICCAI_BraTS2020_TrainingData/BraTS20_Training_166,3.0
BraTS20_Training_167,./BraTS2020/BraTS2020_TrainingData/MICCAI_BraTS2020_TrainingData/BraTS20_Training_167,6.0
BraTS20_Training_168,./BraTS2020/BraTS2020_TrainingData/MICCAI_BraTS2020_TrainingData/BraTS20_Training_168,2.0
BraTS20_Training_169,./BraTS2020/BraTS2020_TrainingData/MICCAI_BraTS2020_TrainingData/BraTS20_Training_169,2.0
BraTS20_Training_170,./BraTS2020/BraTS2020_TrainingData/MICCAI_BraTS2020_TrainingData/BraTS20_Training_170,6.0
BraTS20_Training_171,./BraTS2020/BraTS2020_TrainingData/MICCAI_BraTS2020_TrainingData/BraTS20_Training_171,4.0
BraTS20_Training_172,./BraTS2020/BraTS2020_TrainingData/MICCAI_BraTS2020_TrainingData/BraTS20_Training_172,5.0
BraTS20_Training_173,./BraTS2020/BraTS2020_TrainingData/MICCAI_BraTS2020_TrainingData/BraTS20_Training_173,2.0
BraTS20_Training_174,./BraTS2020/BraTS2020_TrainingData/MICCAI_BraTS2020_TrainingData/BraTS20_Training_174,3.0
BraTS20_Training_175,./BraTS2020/BraTS2020_TrainingData/MICCAI_BraTS2020_TrainingData/BraTS20_Training_175,6.0
BraTS20_Training_176,./BraTS2020/BraTS2020_TrainingData/MICCAI_BraTS2020_TrainingData/BraTS20_Training_176,2.0
BraTS20_Training_177,./BraTS2020/BraTS2020_TrainingData/MICCAI_BraTS2020_TrainingData/BraTS20_Training_177,0.0
BraTS20_Training_178,./BraTS2020/BraTS2020_TrainingData/MICCAI_BraTS2020_TrainingData/BraTS20_Training_178,3.0
BraTS20_Training_179,./BraTS2020/BraTS2020_TrainingData/MICCAI_BraTS2020_TrainingData/BraTS20_Training_179,4.0
BraTS20_Training_180,./BraTS2020/BraTS2020_TrainingData/MICCAI_BraTS2020_TrainingData/BraTS20_Training_180,3.0
BraTS20_Training_181,./BraTS2020/BraTS2020_TrainingData/MICCAI_BraTS2020_TrainingData/BraTS20_Training_181,0.0
BraTS20_Training_182,./BraTS2020/BraTS2020_TrainingData/MICCAI_BraTS2020_TrainingData/BraTS20_Training_182,3.0
BraTS20_Training_183,./BraTS2020/BraTS2020_TrainingData/MICCAI_BraTS2020_TrainingData/BraTS20_Training_183,2.0
BraTS20_Training_184,./BraTS2020/BraTS2020_TrainingData/MICCAI_BraTS2020_TrainingData/BraTS20_Training_184,2.0
BraTS20_Training_185,./BraTS2020/BraTS2020_TrainingData/MICCAI_BraTS2020_TrainingData/BraTS20_Training_185,4.0
BraTS20_Training_186,./BraTS2020/BraTS2020_TrainingData/MICCAI_BraTS2020_TrainingData/BraTS20_Training_186,3.0
BraTS20_Training_187,./BraTS2020/BraTS2020_TrainingData/MICCAI_BraTS2020_TrainingData/BraTS20_Training_187,4.0
BraTS20_Training_188,./BraTS2020/BraTS2020_TrainingData/MICCAI_BraTS2020_TrainingData/BraTS20_Training_188,6.0
BraTS20_Training_189,./BraTS2020/BraTS2020_TrainingData/MICCAI_BraTS2020_TrainingData/BraTS20_Training_189,6.0
BraTS20_Training_190,./BraTS2020/BraTS2020_TrainingData/MICCAI_BraTS2020_TrainingData/BraTS20_Training_190,6.0
BraTS20_Training_191,./BraTS2020/BraTS2020_TrainingData/MICCAI_BraTS2020_TrainingData/BraTS20_Training_191,5.0
BraTS20_Training_192,./BraTS2020/BraTS2020_TrainingData/MICCAI_BraTS2020_TrainingData/BraTS20_Training_192,6.0
BraTS20_Training_193,./BraTS2020/BraTS2020_TrainingData/MICCAI_BraTS2020_TrainingData/BraTS20_Training_193,1.0
BraTS20_Training_194,./BraTS2020/BraTS2020_TrainingData/MICCAI_BraTS2020_TrainingData/BraTS20_Training_194,0.0
BraTS20_Training_195,./BraTS2020/BraTS2020_TrainingData/MICCAI_BraTS2020_TrainingData/BraTS20_Training_195,0.0
BraTS20_Training_196,./BraTS2020/BraTS2020_TrainingData/MICCAI_BraTS2020_TrainingData/BraTS20_Training_196,1.0
BraTS20_Training_197,./BraTS2020/BraTS2020_TrainingData/MICCAI_BraTS2020_TrainingData/BraTS20_Training_197,2.0
BraTS20_Training_198,./BraTS2020/BraTS2020_TrainingData/MICCAI_BraTS2020_TrainingData/BraTS20_Training_198,3.0
BraTS20_Training_199,./BraTS2020/BraTS2020_TrainingData/MICCAI_BraTS2020_TrainingData/BraTS20_Training_199,2.0
BraTS20_Training_200,./BraTS2020/BraTS2020_TrainingData/MICCAI_BraTS2020_TrainingData/BraTS20_Training_200,3.0
BraTS20_Training_201,./BraTS2020/BraTS2020_TrainingData/MICCAI_BraTS2020_TrainingData/BraTS20_Training_201,5.0
BraTS20_Training_202,./BraTS2020/BraTS2020_TrainingData/MICCAI_BraTS2020_TrainingData/BraTS20_Training_202,5.0
BraTS20_Training_203,./BraTS2020/BraTS2020_TrainingData/MICCAI_BraTS2020_TrainingData/BraTS20_Training_203,1.0
BraTS20_Training_204,./BraTS2020/BraTS2020_TrainingData/MICCAI_BraTS2020_TrainingData/BraTS20_Training_204,2.0
BraTS20_Training_205,./BraTS2020/BraTS2020_TrainingData/MICCAI_BraTS2020_TrainingData/BraTS20_Training_205,4.0
BraTS20_Training_206,./BraTS2020/BraTS2020_TrainingData/MICCAI_BraTS2020_TrainingData/BraTS20_Training_206,5.0
BraTS20_Training_207,./BraTS2020/BraTS2020_TrainingData/MICCAI_BraTS2020_TrainingData/BraTS20_Training_207,4.0
BraTS20_Training_208,./BraTS2020/BraTS2020_TrainingData/MICCAI_BraTS2020_TrainingData/BraTS20_Training_208,5.0
BraTS20_Training_209,./BraTS2020/BraTS2020_TrainingData/MICCAI_BraTS2020_TrainingData/BraTS20_Training_209,1.0
BraTS20_Training_210,./BraTS2020/BraTS2020_TrainingData/MICCAI_BraTS2020_TrainingData/BraTS20_Training_210,3.0
BraTS20_Training_211,./BraTS2020/BraTS2020_TrainingData/MICCAI_BraTS2020_TrainingData/BraTS20_Training_211,3.0
BraTS20_Training_212,./BraTS2020/BraTS2020_TrainingData/MICCAI_BraTS2020_TrainingData/BraTS20_Training_212,3.0
BraTS20_Training_213,./BraTS2020/BraTS2020_TrainingData/MICCAI_BraTS2020_TrainingData/BraTS20_Training_213,5.0
BraTS20_Training_214,./BraTS2020/BraTS2020_TrainingData/MICCAI_BraTS2020_TrainingData/BraTS20_Training_214,5.0
BraTS20_Training_215,./BraTS2020/BraTS2020_TrainingData/MICCAI_BraTS2020_TrainingData/BraTS20_Training_215,6.0
BraTS20_Training_216,./BraTS2020/BraTS2020_TrainingData/MICCAI_BraTS2020_TrainingData/BraTS20_Training_216,5.0
BraTS20_Training_217,./BraTS2020/BraTS2020_TrainingData/MICCAI_BraTS2020_TrainingData/BraTS20_Training_217,5.0
BraTS20_Training_218,./BraTS2020/BraTS2020_TrainingData/MICCAI_BraTS2020_TrainingData/BraTS20_Training_218,5.0
BraTS20_Training_219,./BraTS2020/BraTS2020_TrainingData/MICCAI_BraTS2020_TrainingData/BraTS20_Training_219,1.0
BraTS20_Training_220,./BraTS2020/BraTS2020_TrainingData/MICCAI_BraTS2020_TrainingData/BraTS20_Training_220,0.0
BraTS20_Training_221,./BraTS2020/BraTS2020_TrainingData/MICCAI_BraTS2020_TrainingData/BraTS20_Training_221,1.0
BraTS20_Training_222,./BraTS2020/BraTS2020_TrainingData/MICCAI_BraTS2020_TrainingData/BraTS20_Training_222,4.0
BraTS20_Training_223,./BraTS2020/BraTS2020_TrainingData/MICCAI_BraTS2020_TrainingData/BraTS20_Training_223,1.0
BraTS20_Training_224,./BraTS2020/BraTS2020_TrainingData/MICCAI_BraTS2020_TrainingData/BraTS20_Training_224,2.0
BraTS20_Training_225,./BraTS2020/BraTS2020_TrainingData/MICCAI_BraTS2020_TrainingData/BraTS20_Training_225,3.0
BraTS20_Training_226,./BraTS2020/BraTS2020_TrainingData/MICCAI_BraTS2020_TrainingData/BraTS20_Training_226,0.0
BraTS20_Training_227,./BraTS2020/BraTS2020_TrainingData/MICCAI_BraTS2020_TrainingData/BraTS20_Training_227,4.0
BraTS20_Training_228,./BraTS2020/BraTS2020_TrainingData/MICCAI_BraTS2020_TrainingData/BraTS20_Training_228,1.0
BraTS20_Training_229,./BraTS2020/BraTS2020_TrainingData/MICCAI_BraTS2020_TrainingData/BraTS20_Training_229,4.0
BraTS20_Training_230,./BraTS2020/BraTS2020_TrainingData/MICCAI_BraTS2020_TrainingData/BraTS20_Training_230,1.0
BraTS20_Training_231,./BraTS2020/BraTS2020_TrainingData/MICCAI_BraTS2020_TrainingData/BraTS20_Training_231,5.0
BraTS20_Training_232,./BraTS2020/BraTS2020_TrainingData/MICCAI_BraTS2020_TrainingData/BraTS20_Training_232,0.0
BraTS20_Training_233,./BraTS2020/BraTS2020_TrainingData/MICCAI_BraTS2020_TrainingData/BraTS20_Training_233,3.0
BraTS20_Training_234,./BraTS2020/BraTS2020_TrainingData/MICCAI_BraTS2020_TrainingData/BraTS20_Training_234,0.0
BraTS20_Training_235,./BraTS2020/BraTS2020_TrainingData/MICCAI_BraTS2020_TrainingData/BraTS20_Training_235,2.0
BraTS20_Training_236,./BraTS2020/BraTS2020_TrainingData/MICCAI_BraTS2020_TrainingData/BraTS20_Training_236,6.0
BraTS20_Training_237,./BraTS2020/BraTS2020_TrainingData/MICCAI_BraTS2020_TrainingData/BraTS20_Training_237,5.0
BraTS20_Training_238,./BraTS2020/BraTS2020_TrainingData/MICCAI_BraTS2020_TrainingData/BraTS20_Training_238,0.0
BraTS20_Training_239,./BraTS2020/BraTS2020_TrainingData/MICCAI_BraTS2020_TrainingData/BraTS20_Training_239,2.0
BraTS20_Training_240,./BraTS2020/BraTS2020_TrainingData/MICCAI_BraTS2020_TrainingData/BraTS20_Training_240,0.0
BraTS20_Training_241,./BraTS2020/BraTS2020_TrainingData/MICCAI_BraTS2020_TrainingData/BraTS20_Training_241,4.0
BraTS20_Training_242,./BraTS2020/BraTS2020_TrainingData/MICCAI_BraTS2020_TrainingData/BraTS20_Training_242,6.0
BraTS20_Training_243,./BraTS2020/BraTS2020_TrainingData/MICCAI_BraTS2020_TrainingData/BraTS20_Training_243,4.0
BraTS20_Training_244,./BraTS2020/BraTS2020_TrainingData/MICCAI_BraTS2020_TrainingData/BraTS20_Training_244,6.0
BraTS20_Training_245,./BraTS2020/BraTS2020_TrainingData/MICCAI_BraTS2020_TrainingData/BraTS20_Training_245,3.0
BraTS20_Training_246,./BraTS2020/BraTS2020_TrainingData/MICCAI_BraTS2020_TrainingData/BraTS20_Training_246,3.0
BraTS20_Training_247,./BraTS2020/BraTS2020_TrainingData/MICCAI_BraTS2020_TrainingData/BraTS20_Training_247,1.0
BraTS20_Training_248,./BraTS2020/BraTS2020_TrainingData/MICCAI_BraTS2020_TrainingData/BraTS20_Training_248,4.0
BraTS20_Training_249,./BraTS2020/BraTS2020_TrainingData/MICCAI_BraTS2020_TrainingData/BraTS20_Training_249,4.0
BraTS20_Training_250,./BraTS2020/BraTS2020_TrainingData/MICCAI_BraTS2020_TrainingData/BraTS20_Training_250,0.0
BraTS20_Training_251,./BraTS2020/BraTS2020_TrainingData/MICCAI_BraTS2020_TrainingData/BraTS20_Training_251,1.0
BraTS20_Training_252,./BraTS2020/BraTS2020_TrainingData/MICCAI_BraTS2020_TrainingData/BraTS20_Training_252,5.0
BraTS20_Training_253,./BraTS2020/BraTS2020_TrainingData/MICCAI_BraTS2020_TrainingData/BraTS20_Training_253,6.0
BraTS20_Training_254,./BraTS2020/BraTS2020_TrainingData/MICCAI_BraTS2020_TrainingData/BraTS20_Training_254,2.0
BraTS20_Training_255,./BraTS2020/BraTS2020_TrainingData/MICCAI_BraTS2020_TrainingData/BraTS20_Training_255,4.0
BraTS20_Training_256,./BraTS2020/BraTS2020_TrainingData/MICCAI_BraTS2020_TrainingData/BraTS20_Training_256,0.0
BraTS20_Training_257,./BraTS2020/BraTS2020_TrainingData/MICCAI_BraTS2020_TrainingData/BraTS20_Training_257,4.0
BraTS20_Training_258,./BraTS2020/BraTS2020_TrainingData/MICCAI_BraTS2020_TrainingData/BraTS20_Training_258,6.0
BraTS20_Training_259,./BraTS2020/BraTS2020_TrainingData/MICCAI_BraTS2020_TrainingData/BraTS20_Training_259,1.0
BraTS20_Training_260,./BraTS2020/BraTS2020_TrainingData/MICCAI_BraTS2020_TrainingData/BraTS20_Training_260,5.0
BraTS20_Training_261,./BraTS2020/BraTS2020_TrainingData/MICCAI_BraTS2020_TrainingData/BraTS20_Training_261,5.0
BraTS20_Training_262,./BraTS2020/BraTS2020_TrainingData/MICCAI_BraTS2020_TrainingData/BraTS20_Training_262,3.0
BraTS20_Training_263,./BraTS2020/BraTS2020_TrainingData/MICCAI_BraTS2020_TrainingData/BraTS20_Training_263,3.0
BraTS20_Training_264,./BraTS2020/BraTS2020_TrainingData/MICCAI_BraTS2020_TrainingData/BraTS20_Training_264,6.0
BraTS20_Training_265,./BraTS2020/BraTS2020_TrainingData/MICCAI_BraTS2020_TrainingData/BraTS20_Training_265,6.0
BraTS20_Training_266,./BraTS2020/BraTS2020_TrainingData/MICCAI_BraTS2020_TrainingData/BraTS20_Training_266,2.0
BraTS20_Training_267,./BraTS2020/BraTS2020_TrainingData/MICCAI_BraTS2020_TrainingData/BraTS20_Training_267,3.0
BraTS20_Training_268,./BraTS2020/BraTS2020_TrainingData/MICCAI_BraTS2020_TrainingData/BraTS20_Training_268,5.0
BraTS20_Training_269,./BraTS2020/BraTS2020_TrainingData/MICCAI_BraTS2020_TrainingData/BraTS20_Training_269,3.0
BraTS20_Training_270,./BraTS2020/BraTS2020_TrainingData/MICCAI_BraTS2020_TrainingData/BraTS20_Training_270,5.0
BraTS20_Training_271,./BraTS2020/BraTS2020_TrainingData/MICCAI_BraTS2020_TrainingData/BraTS20_Training_271,6.0
BraTS20_Training_272,./BraTS2020/BraTS2020_TrainingData/MICCAI_BraTS2020_TrainingData/BraTS20_Training_272,2.0
BraTS20_Training_273,./BraTS2020/BraTS2020_TrainingData/MICCAI_BraTS2020_TrainingData/BraTS20_Training_273,2.0
BraTS20_Training_274,./BraTS2020/BraTS2020_TrainingData/MICCAI_BraTS2020_TrainingData/BraTS20_Training_274,6.0
BraTS20_Training_275,./BraTS2020/BraTS2020_TrainingData/MICCAI_BraTS2020_TrainingData/BraTS20_Training_275,1.0
BraTS20_Training_276,./BraTS2020/BraTS2020_TrainingData/MICCAI_BraTS2020_TrainingData/BraTS20_Training_276,4.0
BraTS20_Training_277,./BraTS2020/BraTS2020_TrainingData/MICCAI_BraTS2020_TrainingData/BraTS20_Training_277,6.0
BraTS20_Training_278,./BraTS2020/BraTS2020_TrainingData/MICCAI_BraTS2020_TrainingData/BraTS20_Training_278,4.0
BraTS20_Training_279,./BraTS2020/BraTS2020_TrainingData/MICCAI_BraTS2020_TrainingData/BraTS20_Training_279,0.0
BraTS20_Training_280,./BraTS2020/BraTS2020_TrainingData/MICCAI_BraTS2020_TrainingData/BraTS20_Training_280,5.0
BraTS20_Training_281,./BraTS2020/BraTS2020_TrainingData/MICCAI_BraTS2020_TrainingData/BraTS20_Training_281,3.0
BraTS20_Training_282,./BraTS2020/BraTS2020_TrainingData/MICCAI_BraTS2020_TrainingData/BraTS20_Training_282,2.0
BraTS20_Training_283,./BraTS2020/BraTS2020_TrainingData/MICCAI_BraTS2020_TrainingData/BraTS20_Training_283,4.0
BraTS20_Training_284,./BraTS2020/BraTS2020_TrainingData/MICCAI_BraTS2020_TrainingData/BraTS20_Training_284,1.0
BraTS20_Training_285,./BraTS2020/BraTS2020_TrainingData/MICCAI_BraTS2020_TrainingData/BraTS20_Training_285,3.0
BraTS20_Training_286,./BraTS2020/BraTS2020_TrainingData/MICCAI_BraTS2020_TrainingData/BraTS20_Training_286,2.0
BraTS20_Training_287,./BraTS2020/BraTS2020_TrainingData/MICCAI_BraTS2020_TrainingData/BraTS20_Training_287,0.0
BraTS20_Training_288,./BraTS2020/BraTS2020_TrainingData/MICCAI_BraTS2020_TrainingData/BraTS20_Training_288,4.0
BraTS20_Training_289,./BraTS2020/BraTS2020_TrainingData/MICCAI_BraTS2020_TrainingData/BraTS20_Training_289,0.0
BraTS20_Training_290,./BraTS2020/BraTS2020_TrainingData/MICCAI_BraTS2020_TrainingData/BraTS20_Training_290,5.0
BraTS20_Training_291,./BraTS2020/BraTS2020_TrainingData/MICCAI_BraTS2020_TrainingData/BraTS20_Training_291,3.0
BraTS20_Training_292,./BraTS2020/BraTS2020_TrainingData/MICCAI_BraTS2020_TrainingData/BraTS20_Training_292,3.0
BraTS20_Training_293,./BraTS2020/BraTS2020_TrainingData/MICCAI_BraTS2020_TrainingData/BraTS20_Training_293,1.0
BraTS20_Training_294,./BraTS2020/BraTS2020_TrainingData/MICCAI_BraTS2020_TrainingData/BraTS20_Training_294,6.0
BraTS20_Training_295,./BraTS2020/BraTS2020_TrainingData/MICCAI_BraTS2020_TrainingData/BraTS20_Training_295,3.0
BraTS20_Training_296,./BraTS2020/BraTS2020_TrainingData/MICCAI_BraTS2020_TrainingData/BraTS20_Training_296,5.0
BraTS20_Training_297,./BraTS2020/BraTS2020_TrainingData/MICCAI_BraTS2020_TrainingData/BraTS20_Training_297,2.0
BraTS20_Training_298,./BraTS2020/BraTS2020_TrainingData/MICCAI_BraTS2020_TrainingData/BraTS20_Training_298,0.0
BraTS20_Training_299,./BraTS2020/BraTS2020_TrainingData/MICCAI_BraTS2020_TrainingData/BraTS20_Training_299,4.0
BraTS20_Training_300,./BraTS2020/BraTS2020_TrainingData/MICCAI_BraTS2020_TrainingData/BraTS20_Training_300,4.0
BraTS20_Training_301,./BraTS2020/BraTS2020_TrainingData/MICCAI_BraTS2020_TrainingData/BraTS20_Training_301,5.0
BraTS20_Training_302,./BraTS2020/BraTS2020_TrainingData/MICCAI_BraTS2020_TrainingData/BraTS20_Training_302,2.0
BraTS20_Training_303,./BraTS2020/BraTS2020_TrainingData/MICCAI_BraTS2020_TrainingData/BraTS20_Training_303,2.0
BraTS20_Training_304,./BraTS2020/BraTS2020_TrainingData/MICCAI_BraTS2020_TrainingData/BraTS20_Training_304,4.0
BraTS20_Training_305,./BraTS2020/BraTS2020_TrainingData/MICCAI_BraTS2020_TrainingData/BraTS20_Training_305,3.0
BraTS20_Training_306,./BraTS2020/BraTS2020_TrainingData/MICCAI_BraTS2020_TrainingData/BraTS20_Training_306,0.0
BraTS20_Training_307,./BraTS2020/BraTS2020_TrainingData/MICCAI_BraTS2020_TrainingData/BraTS20_Training_307,6.0
BraTS20_Training_308,./BraTS2020/BraTS2020_TrainingData/MICCAI_BraTS2020_TrainingData/BraTS20_Training_308,4.0
BraTS20_Training_309,./BraTS2020/BraTS2020_TrainingData/MICCAI_BraTS2020_TrainingData/BraTS20_Training_309,6.0
BraTS20_Training_310,./BraTS2020/BraTS2020_TrainingData/MICCAI_BraTS2020_TrainingData/BraTS20_Training_310,1.0
BraTS20_Training_311,./BraTS2020/BraTS2020_TrainingData/MICCAI_BraTS2020_TrainingData/BraTS20_Training_311,1.0
BraTS20_Training_312,./BraTS2020/BraTS2020_TrainingData/MICCAI_BraTS2020_TrainingData/BraTS20_Training_312,3.0
BraTS20_Training_313,./BraTS2020/BraTS2020_TrainingData/MICCAI_BraTS2020_TrainingData/BraTS20_Training_313,3.0
BraTS20_Training_314,./BraTS2020/BraTS2020_TrainingData/MICCAI_BraTS2020_TrainingData/BraTS20_Training_314,6.0
BraTS20_Training_315,./BraTS2020/BraTS2020_TrainingData/MICCAI_BraTS2020_TrainingData/BraTS20_Training_315,5.0
BraTS20_Training_316,./BraTS2020/BraTS2020_TrainingData/MICCAI_BraTS2020_TrainingData/BraTS20_Training_316,6.0
BraTS20_Training_317,./BraTS2020/BraTS2020_TrainingData/MICCAI_BraTS2020_TrainingData/BraTS20_Training_317,4.0
BraTS20_Training_318,./BraTS2020/BraTS2020_TrainingData/MICCAI_BraTS2020_TrainingData/BraTS20_Training_318,2.0
BraTS20_Training_319,./BraTS2020/BraTS2020_TrainingData/MICCAI_BraTS2020_TrainingData/BraTS20_Training_319,4.0
BraTS20_Training_320,./BraTS2020/BraTS2020_TrainingData/MICCAI_BraTS2020_TrainingData/BraTS20_Training_320,6.0
BraTS20_Training_321,./BraTS2020/BraTS2020_TrainingData/MICCAI_BraTS2020_TrainingData/BraTS20_Training_321,1.0
BraTS20_Training_322,./BraTS2020/BraTS2020_TrainingData/MICCAI_BraTS2020_TrainingData/BraTS20_Training_322,4.0
BraTS20_Training_323,./BraTS2020/BraTS2020_TrainingData/MICCAI_BraTS2020_TrainingData/BraTS20_Training_323,1.0
BraTS20_Training_324,./BraTS2020/BraTS2020_TrainingData/MICCAI_BraTS2020_TrainingData/BraTS20_Training_324,2.0
BraTS20_Training_325,./BraTS2020/BraTS2020_TrainingData/MICCAI_BraTS2020_TrainingData/BraTS20_Training_325,1.0
BraTS20_Training_326,./BraTS2020/BraTS2020_TrainingData/MICCAI_BraTS2020_TrainingData/BraTS20_Training_326,1.0
BraTS20_Training_327,./BraTS2020/BraTS2020_TrainingData/MICCAI_BraTS2020_TrainingData/BraTS20_Training_327,0.0
BraTS20_Training_328,./BraTS2020/BraTS2020_TrainingData/MICCAI_BraTS2020_TrainingData/BraTS20_Training_328,1.0
BraTS20_Training_329,./BraTS2020/BraTS2020_TrainingData/MICCAI_BraTS2020_TrainingData/BraTS20_Training_329,5.0
BraTS20_Training_330,./BraTS2020/BraTS2020_TrainingData/MICCAI_BraTS2020_TrainingData/BraTS20_Training_330,4.0
BraTS20_Training_331,./BraTS2020/BraTS2020_TrainingData/MICCAI_BraTS2020_TrainingData/BraTS20_Training_331,6.0
BraTS20_Training_332,./BraTS2020/BraTS2020_TrainingData/MICCAI_BraTS2020_TrainingData/BraTS20_Training_332,5.0
BraTS20_Training_333,./BraTS2020/BraTS2020_TrainingData/MICCAI_BraTS2020_TrainingData/BraTS20_Training_333,2.0
BraTS20_Training_334,./BraTS2020/BraTS2020_TrainingData/MICCAI_BraTS2020_TrainingData/BraTS20_Training_334,0.0
BraTS20_Training_335,./BraTS2020/BraTS2020_TrainingData/MICCAI_BraTS2020_TrainingData/BraTS20_Training_335,3.0
BraTS20_Training_336,./BraTS2020/BraTS2020_TrainingData/MICCAI_BraTS2020_TrainingData/BraTS20_Training_336,2.0
BraTS20_Training_337,./BraTS2020/BraTS2020_TrainingData/MICCAI_BraTS2020_TrainingData/BraTS20_Training_337,5.0
BraTS20_Training_338,./BraTS2020/BraTS2020_TrainingData/MICCAI_BraTS2020_TrainingData/BraTS20_Training_338,5.0
BraTS20_Training_339,./BraTS2020/BraTS2020_TrainingData/MICCAI_BraTS2020_TrainingData/BraTS20_Training_339,5.0
BraTS20_Training_340,./BraTS2020/BraTS2020_TrainingData/MICCAI_BraTS2020_TrainingData/BraTS20_Training_340,4.0
BraTS20_Training_341,./BraTS2020/BraTS2020_TrainingData/MICCAI_BraTS2020_TrainingData/BraTS20_Training_341,3.0
BraTS20_Training_342,./BraTS2020/BraTS2020_TrainingData/MICCAI_BraTS2020_TrainingData/BraTS20_Training_342,1.0
BraTS20_Training_343,./BraTS2020/BraTS2020_TrainingData/MICCAI_BraTS2020_TrainingData/BraTS20_Training_343,0.0
BraTS20_Training_344,./BraTS2020/BraTS2020_TrainingData/MICCAI_BraTS2020_TrainingData/BraTS20_Training_344,6.0
BraTS20_Training_345,./BraTS2020/BraTS2020_TrainingData/MICCAI_BraTS2020_TrainingData/BraTS20_Training_345,1.0
BraTS20_Training_346,./BraTS2020/BraTS2020_TrainingData/MICCAI_BraTS2020_TrainingData/BraTS20_Training_346,0.0
BraTS20_Training_347,./BraTS2020/BraTS2020_TrainingData/MICCAI_BraTS2020_TrainingData/BraTS20_Training_347,1.0
BraTS20_Training_348,./BraTS2020/BraTS2020_TrainingData/MICCAI_BraTS2020_TrainingData/BraTS20_Training_348,1.0
BraTS20_Training_349,./BraTS2020/BraTS2020_TrainingData/MICCAI_BraTS2020_TrainingData/BraTS20_Training_349,6.0
BraTS20_Training_350,./BraTS2020/BraTS2020_TrainingData/MICCAI_BraTS2020_TrainingData/BraTS20_Training_350,2.0
BraTS20_Training_351,./BraTS2020/BraTS2020_TrainingData/MICCAI_BraTS2020_TrainingData/BraTS20_Training_351,2.0
BraTS20_Training_352,./BraTS2020/BraTS2020_TrainingData/MICCAI_BraTS2020_TrainingData/BraTS20_Training_352,2.0
BraTS20_Training_353,./BraTS2020/BraTS2020_TrainingData/MICCAI_BraTS2020_TrainingData/BraTS20_Training_353,3.0
BraTS20_Training_354,./BraTS2020/BraTS2020_TrainingData/MICCAI_BraTS2020_TrainingData/BraTS20_Training_354,2.0
BraTS20_Training_355,./BraTS2020/BraTS2020_TrainingData/MICCAI_BraTS2020_TrainingData/BraTS20_Training_355,6.0
BraTS20_Training_356,./BraTS2020/BraTS2020_TrainingData/MICCAI_BraTS2020_TrainingData/BraTS20_Training_356,3.0
BraTS20_Training_357,./BraTS2020/BraTS2020_TrainingData/MICCAI_BraTS2020_TrainingData/BraTS20_Training_357,0.0
BraTS20_Training_358,./BraTS2020/BraTS2020_TrainingData/MICCAI_BraTS2020_TrainingData/BraTS20_Training_358,1.0
BraTS20_Training_359,./BraTS2020/BraTS2020_TrainingData/MICCAI_BraTS2020_TrainingData/BraTS20_Training_359,4.0
BraTS20_Training_360,./BraTS2020/BraTS2020_TrainingData/MICCAI_BraTS2020_TrainingData/BraTS20_Training_360,5.0
BraTS20_Training_361,./BraTS2020/BraTS2020_TrainingData/MICCAI_BraTS2020_TrainingData/BraTS20_Training_361,1.0
BraTS20_Training_362,./BraTS2020/BraTS2020_TrainingData/MICCAI_BraTS2020_TrainingData/BraTS20_Training_362,3.0
BraTS20_Training_363,./BraTS2020/BraTS2020_TrainingData/MICCAI_BraTS2020_TrainingData/BraTS20_Training_363,6.0
BraTS20_Training_364,./BraTS2020/BraTS2020_TrainingData/MICCAI_BraTS2020_TrainingData/BraTS20_Training_364,3.0
BraTS20_Training_365,./BraTS2020/BraTS2020_TrainingData/MICCAI_BraTS2020_TrainingData/BraTS20_Training_365,2.0
BraTS20_Training_366,./BraTS2020/BraTS2020_TrainingData/MICCAI_BraTS2020_TrainingData/BraTS20_Training_366,0.0
BraTS20_Training_367,./BraTS2020/BraTS2020_TrainingData/MICCAI_BraTS2020_TrainingData/BraTS20_Training_367,6.0
BraTS20_Training_368,./BraTS2020/BraTS2020_TrainingData/MICCAI_BraTS2020_TrainingData/BraTS20_Training_368,1.0
BraTS20_Training_369,./BraTS2020/BraTS2020_TrainingData/MICCAI_BraTS2020_TrainingData/BraTS20_Training_369,6.0
